{"alarm clock": [0.08027070631260425, 0.7563330138040278, 0.8485973564827974], "armchair": [0.0837992913542791, 0.9298860412179747, 0.022915133976200708], "backpack": [0.23745347185864352, 0.5407081722770891, 0.8973950940037735], "bag": [0.94042993727547, 0.7528036432336374, 0.48255060553184115], "ball": [0.4199725107851754, 0.038936533182888255, 0.463676233218561], "bar": [0.7363614566640511, 0.21203977479400904, 0.12569350080549457], "basket": [0.47011348718671053, 0.9884526953384583, 0.8358746263990786], "bathroom cabinet": [0.37264834122338486, 0.4917522508917216, 0.03647297467984856], "bathroom counter": [0.8077841857079648, 0.6234657306349642, 0.987596821305028], "bathroom stall": [0.38677609933454127, 0.3810100153997278, 0.6600725745412946], "bathroom stall door": [0.7025191497518067, 0.9612383660619814, 0.8874545569537265], "bathroom vanity": [0.7267166147729851, 0.577240397519602, 0.9994072697106975], "bathtub": [0.7240393489241642, 0.3341411162142015, 0.19194740632765517], "bed": [0.20647169894659878, 0.8252178482397408, 0.18635683359836375], "bench": [0.603717317659347, 0.830911184202654, 0.2342179668640556], "bicycle": [0.0621868642969442, 0.7425321828177895, 0.32781730830238764], "bin": [0.8217087661760288, 0.6329333427904391, 0.809681492831677], "blackboard": [0.7870153761190739, 0.02587667785157699, 0.4410238981163519], "blanket": [0.635075743637596, 0.26571894908574, 0.6481541051039266], "blinds": [0.4226678900859687, 0.5024660623516792, 0.3268892895040555], "board": [0.46339326030906514, 0.9855961403428831, 0.4377467536696381], "book": [0.5698754920356236, 0.4302094802996045, 0.46116324853119084], "bookshelf": [0.45907003596560847, 0.5565302281320562, 0.8573197304309271], "bottle": [0.9740743883074998, 0.6629770309299405, 0.7400496171583256], "bowl": [0.05338432416251282, 0.39954839479759097, 0.24016343241716287], "box": [0.6983068165073838, 0.9267570016430212, 0.9001838255103086], "broom": [0.805621915476678, 0.09393035226635726, 0.9614189809645743], "bucket": [0.09563270750723718, 0.6499846904399604, 0.5730465573077522], "bulletin board": [0.7324110957804288, 0.4982967032542197, 0.9842189066271813], "cabinet": [0.4384790770347968, 0.7751057720894657, 0.8945230370159428], "calendar": [0.9708032206151953, 0.4237279315585478, 0.24191923161006446], "candle": [0.18769479255911203, 0.4360957677164049, 0.37923747571373945], "cart": [0.7482495476390144, 0.5948535105313878, 0.345873610888374], "case of water bottles": [0.6753767731618451, 0.6353560653086192, 0.9985534171239971], "cd case": [0.1376260981928874, 0.27376152918517205, 0.16127425152729002], "ceiling": [0.0626309876481258, 0.8807380805420558, 0.6337289809558976], "ceiling light": [0.5017227248826812, 0.9499454495750965, 0.8904821802340609], "chair": [0.5525934364162409, 0.03971656155123493, 0.3157667486375978], "clock": [0.16318564737333774, 0.8698180813304754, 0.7876494363471431], "closet": [0.04865879144140173, 0.7020601433973914, 0.5721960726134874], "closet door": [0.13505653324245126, 0.060178115910674235, 0.07929288337140306], "closet rod": [0.4912440931600003, 0.4836429947274802, 0.6646113551079568], "closet wall": [0.6743506124212524, 0.5821853638505978, 0.5456400601648415], "clothes": [0.19231512432153552, 0.5064449582879779, 0.6675418850507119], "clothes dryer": [0.2975701760626557, 0.2618331967483125, 0.8772508530492691], "coat rack": [0.07466836136226851, 0.10792096059256218, 0.36740497518182713], "coffee kettle": [0.8125353705259964, 0.2904395082645064, 0.6190065629500693], "coffee maker": [0.9806975097718996, 0.7453752081945567, 0.5292764128534246], "coffee table": [0.30220792895095294, 0.22768755937610308, 0.8644368534476387], "column": [0.7031954498584632, 0.02780707909913116, 0.18193100131492224], "computer tower": [0.6421842976279653, 0.04063820575032917, 0.18475910639227544], "container": [0.971015005239227, 0.26243973364764117, 0.36119266540262196], "copier": [0.2363250100575366, 0.5225115510494871, 0.4182810532081769], "couch": [0.27945687728382884, 0.9739981279815781, 0.9742165821131515], "counter": [0.19804810430187458, 0.3667114443624512, 0.3286446293777182], "crate": [0.4510626225782196, 0.7218781066716835, 0.8402438972059607], "cup": [0.7896392093908102, 0.3594453685979939, 0.23785155014905857], "curtain": [0.8577476324242905, 0.8517735458802403, 0.5299391286814376], "cushion": [0.8246378090263409, 0.6007483887059689, 0.8864715504310908], "decoration": [0.07721173792008007, 0.482504602439095, 0.04662907558848339], "desk": [0.9713032127759168, 0.2573135299702374, 0.9575262340594142], "dining table": [0.7236265181020092, 0.2055944808415313, 0.26643700087408884], "dish rack": [0.6041609040845992, 0.0059521566594108455, 0.22703764703290386], "dishwasher": [0.09972497077673304, 0.9841546755209574, 0.4325927717977738], "divider": [0.39213710044594596, 0.4191726991293656, 0.1340033898313584], "door": [0.31383036015521804, 0.7080011195564866, 0.5435595431116181], "doorframe": [0.9989403026799205, 0.7443847431563184, 0.4145056447614994], "dresser": [0.9150737433571343, 0.3085747373651052, 0.014360176392497648], "dumbbell": [0.9067643608050581, 0.9471018314061181, 0.3665076885672396], "dustpan": [0.13395209773903272, 0.9377887845885822, 0.4576317923718489], "end table": [0.6111296053020496, 0.4664974151683411, 0.9341650997153321], "fan": [0.9415401733008891, 0.9877765050191091, 0.9567211677902548], "file cabinet": [0.4829330582598017, 0.47900179774389073, 0.15360801998985807], "fire alarm": [0.4614958249838831, 0.3531243279565903, 0.8872743585060674], "fire extinguisher": [0.9635011101526664, 0.2989600925956475, 0.7160337378623925], "fireplace": [0.7865742948976597, 0.2472392923135872, 0.1155541811635602], "floor": [0.19018575796515158, 0.9396642242974008, 0.39812004849279103], "folded chair": [0.031915088990253415, 0.7814722015995423, 0.10326933901622037], "furniture": [0.07182479105635065, 0.3375172466160975, 0.18189421875895972], "guitar": [0.6980644717969007, 0.18198108884907116, 0.7948245815651905], "guitar case": [0.5057672137005622, 0.9100778230486676, 0.4121229473961965], "hair dryer": [0.3809906164195135, 0.4316466835465639, 0.32788023845884207], "handicap bar": [0.47698040998130786, 0.2258398336559968, 0.0653966991926922], "hat": [0.3812650879376548, 0.49958749158732363, 0.3332929088269698], "headphones": [0.1261708749644792, 0.12934954907069596, 0.329039284139634], "ironing board": [0.5257954389398198, 0.05386558421827892, 0.5801079299685267], "jacket": [0.7971960122638408, 0.4286614229122101, 0.7713900343313694], "keyboard": [0.9052862048642037, 0.36356027075018227, 0.8998949111529777], "keyboard piano": [0.9837255562397856, 0.6485701600535907, 0.7300737164475335], "kitchen cabinet": [0.9860675768982085, 0.42563906661921724, 0.49658658729075045], "kitchen counter": [0.7837064450589746, 0.31141812523393797, 0.6330540983237778], "ladder": [0.45426659402166814, 0.012364974155810393, 0.13349501291809518], "lamp": [0.6520071201709442, 0.024091369341331936, 0.49652014472436146], "laptop": [0.35445192021257166, 0.12333799568324477, 0.9732057612125822], "laundry basket": [0.6970632595075672, 0.7372577824575494, 0.006774865342013436], "laundry detergent": [0.586116822873234, 0.7909371356264233, 0.7157892668419081], "laundry hamper": [0.26441249202859707, 0.5481691814939288, 0.6128338461454633], "ledge": [0.9620169062092387, 0.6221877681109272, 0.07951696451331736], "light": [0.09418766874133, 0.9872685602393085, 0.803997210425869], "light switch": [0.03031505172877791, 0.25370175266880646, 0.7041783199652821], "luggage": [0.862775320314072, 0.6711888798695037, 0.9414657588537614], "machine": [0.7416396725996547, 0.8075203766246265, 0.27980437783770085], "mailbox": [0.3411905979734917, 0.7918348391807434, 0.2641613528271304], "mat": [0.09910514563745476, 0.10858020250893263, 0.3614452273506532], "mattress": [0.10489311863356987, 0.9877751809684058, 0.6065328880189509], "microwave": [0.5440535459763414, 0.3826479143003364, 0.21023129545097952],